codigo_act,nombre_act
115111,Servicios de fumigación agrícola
115119,Otros servicios relacionados con la agricultura
115113,Beneficio de productos agrícolas
112512,"Piscicultura y otra acuicultura, excepto camaronicultura"
114119,"Pesca y captura de peces, crustáceos, moluscos y otras especies"
212321,Minería de arena y grava para la construcción
213111,Perforación de pozos petroleros y de gas
212393,Minería de barita
211111,Extracción de petróleo y gas natural asociado
212392,Minería de piedra de yeso
213119,Otros servicios relacionados con la minería
212325,Minería de caolín
212299,Minería de otros minerales metálicos
212399,Minería de otros minerales no metálicos
212232,Minería de plomo y zinc
211112,Extracción de gas natural no asociado
212222,Minería de plata
212221,Minería de oro
212210,Minería de hierro
221111,Generación de electricidad a partir de combustibles fósiles
221312,"Captación, tratamiento y suministro de agua realizados por el sector público"
221311,"Captación, tratamiento y suministro de agua realizados por el sector privado"
221113,Generación de electricidad a partir de energía solar
221123,Comercialización de energía eléctrica
221121,Transmisión de energía eléctrica
221114,Generación de electricidad a partir de energía eólica
221122,Distribución de energía eléctrica
221210,Suministro de gas natural por ductos al consumidor final
221112,Generación de electricidad a partir de energía hidráulica
221119,Generación de electricidad a partir de otro tipo de energía
237132,Construcción de obras para telecomunicaciones
238110,Trabajos de cimentaciones
236221,"Edificación de inmuebles comerciales y de servicios, excepto la supervisión"
236112,Edificación de vivienda multifamiliar
237312,"Construcción de carreteras, puentes y similares"
238222,Instalaciones de sistemas centrales de aire acondicionado y calefacción
237111,"Construcción de obras para el tratamiento, distribución y suministro de agua y drenaje"
237131,Construcción de obras de generación y conducción de energía eléctrica
238221,Instalaciones hidrosanitarias y de gas
238210,Instalaciones eléctricas en construcciones
238330,Colocación de pisos flexibles y de madera
238311,Colocación de muros falsos y aislamiento
236111,Edificación de vivienda unifamiliar
238130,Trabajos de albañilería
238190,Otros trabajos en exteriores
238320,Trabajos de pintura y otros cubrimientos de paredes
238312,"Trabajos de enyesado, empastado y tiroleado"
238290,Otras instalaciones y equipamiento en construcciones
237212,Construcción de obras de urbanización
236222,Supervisión de edificación de inmuebles comerciales y de servicios
238990,Otros trabajos especializados para la construcción
236211,"Edificación de naves y plantas industriales, excepto la supervisión"
238910,Preparación de terrenos para la construcción
237994,Supervisión de construcción de otras obras de ingeniería civil
237121,Construcción de sistemas de distribución de petróleo y gas
238390,Otros trabajos de acabados en edificaciones
237133,Supervisión de construcción de obras de generación y conducción de energía eléctrica y de obras para telecomunicaciones
237112,Construcción de sistemas de riego agrícola
237313,Supervisión de construcción de vías de comunicación
238350,Realización de trabajos de carpintería en el lugar de la construcción
236113,Supervisión de edificación residencial
238340,Colocación de pisos cerámicos y azulejos
237311,Instalación de señalamientos y protecciones en obras viales
236212,Supervisión de edificación de naves y plantas industriales
237123,Supervisión de construcción de obras para petróleo y gas
237992,"Construcción de obras marítimas, fluviales y subacuáticas"
237122,Construcción de plantas de refinería y petroquímica
238122,Montaje de estructuras de acero prefabricadas
237993,Construcción de obras para transporte eléctrico y ferroviario
237999,Otras construcciones de ingeniería civil
237991,Construcción de presas y represas
237213,Supervisión de división de terrenos y de construcción de obras de urbanización
237113,"Supervisión de construcción de obras para el tratamiento, distribución y suministro de agua, drenaje y riego"
237211,División de terrenos
238121,Montaje de estructuras de concreto prefabricadas
312112,Purificación y embotellado de agua
311830,Elaboración de tortillas de maíz y molienda de nixtamal
311811,Panificación industrial
311922,Elaboración de café tostado y molido
315192,Fabricación de ropa exterior de tejido de punto
311520,Elaboración de helados y paletas
315999,Confección de otros accesorios y prendas de vestir no clasificados en otra parte
315225,Confección de prendas de vestir sobre medida
311214,Elaboración de harina de otros productos agrícolas
315221,Confección en serie de ropa interior y de dormir
311992,Elaboración de levadura
316991,"Fabricación de bolsos de mano, maletas y similares"
314912,Confección de productos de textiles recubiertos y de materiales sucedáneos
313113,Fabricación de hilos para coser y bordar
313310,Acabado de productos textiles
311222,Elaboración de aceites y grasas vegetales comestibles
311930,"Elaboración de concentrados, polvos, jarabes y esencias de sabor para bebidas"
315229,Confección en serie de otra ropa exterior de materiales textiles
314120,"Confección de cortinas, blancos y similares"
314991,"Confección, bordado y deshilado de productos textiles"
311422,Conservación de frutas y verduras por procesos distintos a la congelación y la deshidratación
311411,Congelación de frutas y verduras
314992,Fabricación de redes y otros productos de cordelería
311812,Panificación tradicional
311999,Elaboración de otros alimentos
311340,"Elaboración de dulces, chicles y productos de confitería que no sean de chocolate"
314110,Fabricación de alfombras y tapetes
311110,Elaboración de alimentos para animales
311423,Conservación de guisos y otros alimentos preparados por procesos distintos a la congelación
311940,Elaboración de condimentos y aderezos
311412,Congelación de guisos y otros alimentos preparados
311511,Elaboración de leche líquida
315223,Confección en serie de uniformes
311513,Elaboración de derivados y fermentos lácteos
311613,"Preparación de embutidos y otras conservas de carne de ganado, aves y otros animales comestibles"
311910,Elaboración de botanas
312113,Elaboración de hielo
316219,Fabricación de huaraches y calzado de otro tipo de materiales
311614,Elaboración de manteca y otras grasas animales comestibles
316999,"Fabricación de otros productos de cuero, piel y materiales sucedáneos"
311350,Elaboración de chocolate y productos de chocolate
313220,Fabricación de telas angostas de tejido de trama y pasamanería
316213,Fabricación de calzado de plástico
315222,Confección en serie de camisas
313111,Preparación e hilado de fibras duras naturales
311611,"Matanza de ganado, aves y otros animales comestibles"
315210,"Confección de prendas de vestir de cuero, piel y de materiales sucedáneos"
316110,Curtido y acabado de cuero y piel
311813,Elaboración de tortillas de harina de trigo de forma tradicional
311820,Elaboración de galletas y pastas para sopa
311311,Elaboración de azúcar de caña
314999,Fabricación de banderas y otros productos textiles no clasificados en otra parte
311993,Elaboración de alimentos frescos para consumo inmediato
312149,Elaboración de otras bebidas destiladas
312120,Elaboración de cerveza
315191,Fabricación de ropa interior de tejido de punto
311710,Preparación y envasado de pescados y mariscos
314911,Confección de costales
313210,Fabricación de telas anchas de tejido de trama
313112,Preparación e hilado de fibras blandas naturales
313320,Fabricación de telas recubiertas
313230,Fabricación de telas no tejidas (comprimidas)
314993,Fabricación de productos textiles reciclados
312141,Elaboración de ron y otras bebidas destiladas de caña
315224,Confección en serie de disfraces y trajes típicos
316211,Fabricación de calzado con corte de piel y cuero
312131,Elaboración de bebidas alcohólicas a base de uva
311212,Elaboración de harina de trigo
315991,Confección de sombreros y gorras
311921,Beneficio del café
315110,Fabricación de calcetines y medias de tejido de punto
316212,Fabricación de calzado con corte de tela
311612,"Corte y empacado de carne de ganado, aves y otros animales comestibles"
312142,Elaboración de bebidas destiladas de agave
312222,Elaboración de puros y otros productos de tabaco
312111,Elaboración de refrescos y otras bebidas no alcohólicas
311230,Elaboración de cereales para el desayuno
311991,Elaboración de gelatinas y otros postres en polvo
313240,Fabricación de telas de tejido de punto
311924,Preparación y envasado de té
311512,"Elaboración de leche en polvo, condensada y evaporada"
316214,Fabricación de calzado de hule
311221,Elaboración de féculas y otros almidones y sus derivados
311213,Elaboración de harina de maíz
311319,Elaboración de otros azúcares
311923,Elaboración de café instantáneo
311421,Deshidratación de frutas y verduras
312132,Elaboración de pulque
312221,Elaboración de cigarros
323119,Impresión de formas continuas y otros impresos
327211,Fabricación de vidrio
326160,Fabricación de botellas de plástico
322230,Fabricación de productos de papelería
326193,Fabricación de envases y contenedores de plástico para embalaje con y sin reforzamiento
323120,Industrias conexas a la impresión
325412,Fabricación de preparaciones farmacéuticas
321910,Fabricación de productos de madera para la construcción
325620,"Fabricación de cosméticos, perfumes y otras preparaciones de tocador"
326110,Fabricación de bolsas y películas de plástico flexible
327910,Fabricación de productos abrasivos
326191,Fabricación de productos de plástico para el hogar con y sin reforzamiento
322299,Fabricación de otros productos de cartón y papel
322210,Fabricación de envases de cartón
322220,Fabricación de bolsas de papel y productos celulósicos recubiertos y tratados
327991,Fabricación de productos a base de piedras de cantera
321920,Fabricación de productos para embalaje y envases de madera
326198,Fabricación de otros productos de plástico con reforzamiento
327999,Fabricación de otros productos a base de minerales no metálicos
324191,Fabricación de aceites y grasas lubricantes
326150,Fabricación de espumas y productos de uretano
325211,Fabricación de resinas sintéticas
326199,Fabricación de otros productos de plástico sin reforzamiento
326130,Fabricación de laminados de plástico rígido
326194,Fabricación de otros productos de plástico de uso industrial sin reforzamiento
327215,Fabricación de artículos de vidrio de uso doméstico
323111,"Impresión de libros, periódicos y revistas"
325520,Fabricación de adhesivos
325130,Fabricación de pigmentos y colorantes sintéticos
325999,Fabricación de otros productos químicos
327330,Fabricación de tubos y bloques de cemento y concreto
321210,Fabricación de laminados y aglutinados de madera
325320,"Fabricación de pesticidas y otros agroquímicos, excepto fertilizantes"
325310,Fabricación de fertilizantes
326120,"Fabricación de tubería y conexiones, y tubos para embalaje"
326192,Fabricación de autopartes de plástico con y sin reforzamiento
327320,Fabricación de concreto
325610,"Fabricación de jabones, limpiadores y dentífricos"
325190,Fabricación de otros productos químicos básicos orgánicos
327420,Fabricación de yeso y productos de yeso
327122,Fabricación de azulejos y losetas no refractarias
321992,Fabricación de artículos y utensilios de madera para el hogar
327111,"Fabricación de artículos de alfarería, porcelana y loza"
327123,Fabricación de productos refractarios
327219,Fabricación de otros productos de vidrio
325510,Fabricación de pinturas y recubrimientos
325180,Fabricación de otros productos químicos básicos inorgánicos
325411,Fabricación de materias primas para la industria farmacéutica
327391,Fabricación de productos preesforzados de concreto
321999,Fabricación de otros productos de madera
327214,Fabricación de fibra de vidrio
326290,Fabricación de otros productos de hule
321991,"Fabricación de productos de materiales trenzables, excepto palma"
321112,Aserrado de tablas y tablones
326220,Fabricación de bandas y mangueras de hule y de plástico
325992,"Fabricación de películas, placas y papel fotosensible para fotografía"
325220,Fabricación de fibras químicas
321993,Fabricación de productos de madera de uso industrial
322122,Fabricación de papel a partir de pulpa
325993,Fabricación de resinas de plásticos reciclados
327399,Fabricación de otros productos de cemento y concreto
326211,Fabricación de llantas y cámaras
325910,Fabricación de tintas para impresión
322132,Fabricación de cartón y cartoncillo a partir de pulpa
327310,Fabricación de cemento y productos a base de cemento en plantas integradas
325991,Fabricación de cerillos
324110,Refinación de petróleo
327213,Fabricación de envases y ampolletas de vidrio
322291,Fabricación de pañales desechables y productos sanitarios
327216,Fabricación de artículos de vidrio de uso industrial y comercial
325120,Fabricación de gases industriales
325110,Fabricación de petroquímicos básicos del gas natural y del petróleo refinado
327121,Fabricación de ladrillos no refractarios
321111,Aserraderos integrados
325212,Fabricación de hules sintéticos
326140,Fabricación de espumas y productos de poliestireno
325920,Fabricación de explosivos
327112,Fabricación de muebles de baño
324120,Fabricación de productos de asfalto
326212,Revitalización de llantas
322110,Fabricación de pulpa
332110,Fabricación de productos metálicos forjados y troquelados
332320,Fabricación de productos de herrería
335312,Fabricación de equipo y aparatos de distribución de energía eléctrica
339920,Fabricación de artículos deportivos
339913,Joyería de metales y piedras no preciosos y de otros materiales
337120,"Fabricación de muebles, excepto cocinas integrales, muebles modulares de baño y muebles de oficina y estantería"
339113,Fabricación de artículos oftálmicos
337210,Fabricación de muebles de oficina y estantería
332810,Recubrimientos y terminados metálicos
339999,Otras industrias manufactureras
332999,Fabricación de otros productos metálicos
336390,Fabricación de otras partes para vehículos automotrices
332310,Fabricación de estructuras metálicas
333999,Fabricación de otra maquinaria y equipo para la industria en general
332430,Fabricación de envases metálicos de calibre ligero
331510,Moldeo por fundición de piezas de hierro y acero
333510,Fabricación de maquinaria y equipo para la industria metalmecánica
332610,"Fabricación de alambre, productos de alambre y resortes"
332710,Maquinado de piezas metálicas para maquinaria y equipo en general
336370,Fabricación de piezas metálicas troqueladas para vehículos automotrices
333241,Fabricación de maquinaria y equipo para la industria de la madera
331220,Fabricación de otros productos de hierro y acero
332720,"Fabricación de tornillos, tuercas, remaches y similares"
334310,Fabricación de equipo de audio y de video
332910,Fabricación de válvulas metálicas
339912,Orfebrería y joyería de metales y piedras preciosos
339950,Fabricación de anuncios y señalamientos
336320,Fabricación de equipo eléctrico y electrónico y sus partes para vehículos automotores
333319,Fabricación de otra maquinaria y equipo para el comercio y los servicios
332211,Fabricación de herramientas de mano metálicas sin motor
333411,Fabricación de equipo de aire acondicionado y calefacción
337920,Fabricación de persianas y cortineros
339914,Metalistería de metales no preciosos
336330,Fabricación de partes de sistemas de dirección y de suspensión para vehículos automotrices
331520,Moldeo por fundición de piezas metálicas no ferrosas
337110,Fabricación de cocinas integrales y muebles modulares de baño
334519,"Fabricación de otros instrumentos de medición, control, navegación, y equipo médico electrónico"
339940,"Fabricación de artículos y accesorios para escritura, pintura, dibujo y actividades de oficina"
339930,Fabricación de juguetes
339992,"Fabricación de cierres, botones y agujas"
336992,Fabricación de bicicletas y triciclos
336510,Fabricación de equipo ferroviario
331310,Industria básica del aluminio
336350,Fabricación de partes de sistemas de transmisión para vehículos automotores
335110,Fabricación de focos
332212,Fabricación de utensilios de cocina metálicos
332510,Fabricación de herrajes y cerraduras
335220,Fabricación de aparatos de línea blanca
336340,Fabricación de partes de sistemas de frenos para vehículos automotrices
334410,Fabricación de componentes electrónicos
334220,"Fabricación de equipo de transmisión y recepción de señales de radio y televisión, y equipo de comunicación inalámbrico"
339111,"Fabricación de equipo no electrónico para uso médico, dental y para laboratorio"
335930,"Fabricación de enchufes, contactos, fusibles y otros accesorios para instalaciones eléctricas"
339993,"Fabricación de escobas, cepillos y similares"
335210,Fabricación de enseres electrodomésticos menores
337910,Fabricación de colchones
339994,Fabricación de velas y veladoras
336360,Fabricación de asientos y accesorios interiores para vehículos automotores
336610,Fabricación de embarcaciones
339995,Fabricación de ataúdes
333920,Fabricación de maquinaria y equipo para levantar y trasladar
334610,Fabricación y reproducción de medios magnéticos y ópticos
339112,Fabricación de material desechable de uso médico
335999,Fabricación de otros productos eléctricos
333910,Fabricación de bombas y sistemas de bombeo
333993,Fabricación de aparatos e instrumentos para pesar
333242,Fabricación de maquinaria y equipo para la industria del hule y del plástico
336210,Fabricación de carrocerías y remolques
333111,Fabricación de maquinaria y equipo agrícola
333610,"Fabricación de motores de combustión interna, turbinas y transmisiones"
333243,Fabricación de maquinaria y equipo para la industria alimentaria y de las bebidas
333245,Fabricación de maquinaria y equipo para la industria de la impresión
333412,Fabricación de equipo de refrigeración industrial y comercial
335120,Fabricación de lámparas ornamentales
333249,Fabricación de maquinaria y equipo para otras industrias manufactureras
339991,Fabricación de instrumentos musicales
333244,Fabricación de maquinaria y equipo para la industria textil
336110,Fabricación de automóviles y camionetas
332410,Fabricación de calderas industriales
332991,Fabricación de baleros y rodamientos
331420,Laminación secundaria de cobre
331210,Fabricación de tubos y postes de hierro y acero
331419,Fundición y refinación de otros metales no ferrosos
331112,Fabricación de desbastes primarios y ferroaleaciones
335920,Fabricación de cables de conducción eléctrica
334110,Fabricación de computadoras y equipo periférico
334210,Fabricación de equipo telefónico
333130,Fabricación de maquinaria y equipo para la industria extractiva
332420,Fabricación de tanques metálicos de calibre grueso
336310,Fabricación de motores de gasolina y sus partes para vehículos automotrices
336120,Fabricación de camiones y tractocamiones
331490,Laminación secundaria de otros metales no ferrosos
333992,Fabricación de maquinaria y equipo para envasar y empacar
333120,Fabricación de maquinaria y equipo para la construcción
335910,Fabricación de acumuladores y pilas
333991,Fabricación de equipo para soldar y soldaduras
335311,Fabricación de motores y generadores eléctricos
334290,Fabricación de otros equipos de comunicación
335991,Fabricación de productos eléctricos de carbón y grafito
336999,Fabricación de otro equipo de transporte
333311,Fabricación de aparatos fotográficos
333112,Fabricación de maquinaria y equipo pecuario
331412,Fundición y refinación de metales preciosos
336991,Fabricación de motocicletas
336410,Fabricación de equipo aeroespacial
333246,Fabricación de maquinaria y equipo para la industria del vidrio y otros minerales no metálicos
334511,Fabricación de relojes
435411,"Comercio al por mayor de mobiliario, equipo, y accesorios de cómputo"
431191,Comercio al por mayor de pan y pasteles
437113,"Intermediación de comercio al por mayor para productos de uso doméstico y personal, excepto a través de Internet y de otros medios electrónicos"
434225,Comercio al por mayor de equipo y material eléctrico
431212,Comercio al por mayor de vinos y licores
434240,Comercio al por mayor de artículos desechables
434221,Comercio al por mayor de materiales metálicos para la construcción y la manufactura
431110,Comercio al por mayor de abarrotes
435312,Comercio al por mayor de artículos y accesorios para diseño y pintura artística
436112,"Comercio al por mayor de partes y refacciones nuevas para automóviles, camionetas y camiones"
435419,Comercio al por mayor de otra maquinaria y equipo de uso general
434229,Comercio al por mayor de otras materias primas para otras industrias
434224,Comercio al por mayor de madera para la construcción y la industria
434319,Comercio al por mayor de otros materiales de desecho
433220,Comercio al por mayor de artículos de joyería y relojes
431123,Comercio al por mayor de pescados y mariscos
435313,"Comercio al por mayor de mobiliario, equipo e instrumental médico y de laboratorio"
431150,"Comercio al por mayor de semillas y granos alimenticios, especias y chiles secos"
433110,Comercio al por mayor de productos farmacéuticos
435319,Comercio al por mayor de maquinaria y equipo para otros servicios y para actividades comerciales
433420,Comercio al por mayor de libros
431140,Comercio al por mayor de huevo
431160,Comercio al por mayor de leche y otros productos lácteos
433410,Comercio al por mayor de artículos de papelería
431121,Comercio al por mayor de carnes rojas
434211,"Comercio al por mayor de cemento, tabique y grava"
432111,"Comercio al por mayor de fibras, hilos y telas"
431122,Comercio al por mayor de carne de aves
435110,"Comercio al por mayor de maquinaria y equipo agropecuario, forestal y para la pesca"
434311,Comercio al por mayor de desechos metálicos
435220,Comercio al por mayor de maquinaria y equipo para la industria manufacturera
434222,Comercio al por mayor de productos químicos para la industria farmacéutica y para otro uso industrial
434219,"Comercio al por mayor de otros materiales para la construcción, excepto de madera y metálicos"
435412,Comercio al por mayor de mobiliario y equipo de oficina
431130,Comercio al por mayor de frutas y verduras frescas
434226,Comercio al por mayor de pintura
435311,"Comercio al por mayor de equipo de telecomunicaciones, fotografía y cinematografía"
432120,"Comercio al por mayor de ropa, bisutería y accesorios de vestir"
431199,Comercio al por mayor de otros alimentos
432113,Comercio al por mayor de cueros y pieles
432119,Comercio al por mayor de otros productos textiles
434312,Comercio al por mayor de desechos de papel y de cartón
434223,"Comercio al por mayor de envases en general, papel y cartón para la industria"
434112,"Comercio al por mayor de medicamentos veterinarios y alimentos para animales, excepto mascotas"
433313,Comercio al por mayor de artículos y aparatos deportivos
433510,Comercio al por mayor de electrodomésticos menores y aparatos de línea blanca
433210,Comercio al por mayor de artículos de perfumería y cosméticos
434230,Comercio al por mayor de combustibles de uso industrial
432130,Comercio al por mayor de calzado
434111,"Comercio al por mayor de fertilizantes, plaguicidas y semillas para siembra"
431180,Comercio al por mayor de dulces y materias primas para repostería
431192,Comercio al por mayor de botanas y frituras
435210,Comercio al por mayor de maquinaria y equipo para la construcción y la minería
433311,Comercio al por mayor de discos y casetes
431193,Comercio al por mayor de conservas alimenticias
434314,Comercio al por mayor de desechos de plástico
434313,Comercio al por mayor de desechos de vidrio
434227,Comercio al por mayor de vidrios y espejos
433312,Comercio al por mayor de juguetes y bicicletas
437111,"Intermediación de comercio al por mayor de productos agropecuarios, excepto a través de Internet y de otros medios electrónicos"
431211,Comercio al por mayor de bebidas no alcohólicas y hielo
433430,Comercio al por mayor de revistas y periódicos
437112,"Intermediación de comercio al por mayor de productos para la industria, el comercio y los servicios, excepto a través de Internet y de otros medios electrónicos"
436111,Comercio al por mayor de camiones
437210,Intermediación de comercio al por mayor exclusivamente a través de Internet y otros medios electrónicos
434228,Comercio al por mayor de ganado y aves en pie
431213,Comercio al por mayor de cerveza
431170,Comercio al por mayor de embutidos
432112,Comercio al por mayor de blancos
431220,"Comercio al por mayor de cigarros, puros y tabaco"
431194,Comercio al por mayor de miel
467112,Comercio al por menor de pisos y recubrimientos cerámicos
464121,Comercio al por menor de lentes
466312,Comercio al por menor de plantas y flores naturales
463211,"Comercio al por menor de ropa, excepto de bebé y lencería"
467111,Comercio al por menor en ferreterías y tlapalerías
466211,"Comercio al por menor de mobiliario, equipo y accesorios de cómputo"
465311,Comercio al por menor de artículos de papelería
467115,Comercio al por menor de artículos para la limpieza
461140,"Comercio al por menor de semillas y granos alimenticios, especias y chiles secos"
461121,Comercio al por menor de carnes rojas
461110,"Comercio al por menor en tiendas de abarrotes, ultramarinos y misceláneas"
463310,Comercio al por menor de calzado
468411,Comercio al por menor de gasolina y diesel
466212,Comercio al por menor de teléfonos y otros aparatos de comunicación
465215,Comercio al por menor de artículos y aparatos deportivos
461150,"Comercio al por menor de leche, otros productos lácteos y embutidos"
463213,Comercio al por menor de lencería
466112,Comercio al por menor de electrodomésticos menores y aparatos de línea blanca
465112,Comercio al por menor de artículos de joyería y relojes
461130,Comercio al por menor de frutas y verduras frescas
463212,Comercio al por menor de ropa de bebé
465212,Comercio al por menor de juguetes
465912,Comercio al por menor de regalos
461211,Comercio al por menor de vinos y licores
465919,Comercio al por menor de otros artículos de uso personal
461170,Comercio al por menor de paletas de hielo y helados
466410,Comercio al por menor de artículos usados
466319,Comercio al por menor de otros artículos para la decoración de interiores
468212,"Comercio al por menor de partes y refacciones usadas para automóviles, camionetas y camiones"
466111,Comercio al por menor de muebles para el hogar
464113,"Comercio al por menor de productos naturistas, medicamentos homeopáticos y de complementos alimenticios"
461123,Comercio al por menor de pescados y mariscos
461160,Comercio al por menor de dulces y materias primas para repostería
461190,Comercio al por menor de otros alimentos
466314,Comercio al por menor de lámparas ornamentales y candiles
465211,Comercio al por menor de discos y casetes
466114,"Comercio al por menor de cristalería, loza y utensilios de cocina"
461122,Comercio al por menor de carne de aves
462210,Comercio al por menor en tiendas departamentales
465911,Comercio al por menor de mascotas
462111,Comercio al por menor en supermercados
465914,Comercio al por menor de artículos desechables
463111,Comercio al por menor de telas
463215,Comercio al por menor de bisutería y accesorios de vestir
465915,Comercio al por menor en tiendas de artesanías
468211,"Comercio al por menor de partes y refacciones nuevas para automóviles, camionetas y camiones"
465111,Comercio al por menor de artículos de perfumería y cosméticos
463113,Comercio al por menor de artículos de mercería y bonetería
463214,"Comercio al por menor de disfraces, vestimenta regional y vestidos de novia"
467113,Comercio al por menor de pintura
465312,Comercio al por menor de libros
462112,Comercio al por menor en minisupers
464111,Farmacias sin minisúper
469110,"Comercio al por menor exclusivamente a través de Internet, y catálogos impresos, televisión y similares"
465913,Comercio al por menor de artículos religiosos
463216,Comercio al por menor de ropa de cuero y piel y de otros artículos de estos materiales
463217,Comercio al por menor de pañales desechables
461213,Comercio al por menor de bebidas no alcohólicas y hielo
463112,Comercio al por menor de blancos
465313,Comercio al por menor de revistas y periódicos
465213,Comercio al por menor de bicicletas
464112,Farmacias con minisúper
466311,"Comercio al por menor de alfombras, cortinas, tapices y similares"
468111,Comercio al por menor de automóviles y camionetas nuevos
461212,Comercio al por menor de cerveza
467114,Comercio al por menor de vidrios y espejos
468213,"Comercio al por menor de llantas y cámaras para automóviles, camionetas y camiones"
468311,Comercio al por menor de motocicletas
465214,Comercio al por menor de equipo y material fotográfico
465216,Comercio al por menor de instrumentos musicales
468420,"Comercio al por menor de aceites y grasas lubricantes, aditivos y similares para vehículos de motor"
464122,Comercio al por menor de artículos ortopédicos
467117,Comercio al por menor de artículos para albercas y otros artículos
468412,Comercio al por menor de gas L. P. en cilindros y para tanques estacionarios
463218,Comercio al por menor de sombreros
468319,Comercio al por menor de otros vehículos de motor
468112,Comercio al por menor de automóviles y camionetas usados
467116,Comercio al por menor de materiales para la construcción en tiendas de autoservicio especializadas
466313,Comercio al por menor de antigüedades y obras de arte
461220,"Comercio al por menor de cigarros, puros y tabaco"
468419,Comercio al por menor de otros combustibles
466113,Comercio al por menor de muebles para jardín
468414,Comercio al por menor en estaciones de gas natural vehicular
468413,Comercio al por menor de gas L. P. en estaciones de carburación
488492,"Servicios de administración de carreteras, puentes y servicios auxiliares"
488990,Otros servicios relacionados con el transporte
484210,Servicios de mudanzas
488111,Servicios a la navegación aérea
488511,Servicios de agencias aduanales
488519,Otros servicios de intermediación para el transporte de carga
485210,Transporte colectivo foráneo de pasajeros de ruta fija
488491,Servicios de administración de centrales camioneras
484129,Otro autotransporte foráneo de carga general
484239,Otro autotransporte foráneo de carga especializado
488190,Otros servicios relacionados con el transporte aéreo
484232,Autotransporte foráneo de materiales y residuos peligrosos
485990,Otro transporte terrestre de pasajeros
481210,Transporte aéreo no regular
488112,Administración de aeropuertos y helipuertos
481111,Transporte aéreo regular en líneas aéreas nacionales
481112,Transporte aéreo regular en líneas aéreas extranjeras
487110,Transporte turístico por tierra
485111,Transporte colectivo urbano y suburbano de pasajeros en autobuses de ruta fija
485320,Alquiler de automóviles con chofer
485510,Alquiler de autobuses con chofer
488210,Servicios relacionados con el transporte por ferrocarril
488390,Otros servicios relacionados con el transporte por agua
484221,Autotransporte local de materiales para la construcción
484119,Otro autotransporte local de carga general
484229,Otro autotransporte local de carga especializado
488410,Servicios de grúa
484111,Autotransporte local de productos agrícolas sin refrigeración
484222,Autotransporte local de materiales y residuos peligrosos
484233,Autotransporte foráneo con refrigeración
484121,Autotransporte foráneo de productos agrícolas sin refrigeración
484223,Autotransporte local con refrigeración
484231,Autotransporte foráneo de materiales para la construcción
485410,Transporte escolar y de personal
487990,Otro transporte turístico
488493,Servicios de báscula para el transporte y otros servicios relacionados con el transporte por carretera
488330,Servicios para la navegación por agua
483113,Transporte marítimo de petróleo y gas natural
482110,Transporte por ferrocarril
485113,Transporte colectivo urbano y suburbano de pasajeros en trolebuses y trenes ligeros
485114,Transporte colectivo urbano y suburbano de pasajeros en metro
488310,Administración de puertos y muelles
485115,Transporte colectivo urbano y suburbano de pasajeros en autobuses que transitan en carril exclusivo
486210,Transporte de gas natural por ductos
487210,Transporte turístico por agua
483111,"Transporte marítimo de altura, excepto de petróleo y gas natural"
488320,Servicios de carga y descarga para el transporte por agua
483112,"Transporte marítimo de cabotaje, excepto de petróleo y gas natural"
483210,Transporte por aguas interiores
486110,Transporte de petróleo crudo por ductos
486910,Transporte por ductos de productos refinados del petróleo
492110,Servicios de mensajería y paquetería foránea
493119,Otros servicios de almacenamiento general sin instalaciones especializadas
493111,Almacenes generales de depósito
491110,Servicios postales
493120,Almacenamiento con refrigeración
493130,Almacenamiento de productos agrícolas que no requieren refrigeración
492210,Servicios de mensajería y paquetería local
493190,Otros servicios de almacenamiento con instalaciones especializadas
511111,Edición de periódicos
518210,"Procesamiento electrónico de información, hospedaje y otros servicios relacionados"
512240,Grabación de discos compactos (CD) y de video digital (DVD) o casetes musicales
517910,Otros servicios de telecomunicaciones
517312,Operadores de servicios de telecomunicaciones inalámbricas
512111,Producción de películas
511122,Edición de revistas y otras publicaciones periódicas integrada con la impresión
515110,Transmisión de programas de radio
511131,Edición de libros
519122,Bibliotecas y archivos del sector público
512112,Producción de programas para la televisión
511121,Edición de revistas y otras publicaciones periódicas
511210,Edición de software y edición de software integrada con la reproducción
517311,Operadores de servicios de telecomunicaciones alámbricas
519110,Agencias noticiosas
512190,Servicios de postproducción y otros servicios para la industria fílmica y del video
512113,"Producción de videoclips, comerciales y otros materiales audiovisuales"
519130,Edición y difusión de contenido exclusivamente a través de Internet y servicios de búsqueda en la red
511112,Edición de periódicos integrada con la impresión
511132,Edición de libros integrada con la impresión
511191,Edición de otros materiales
517410,Operadores de servicios de telecomunicaciones vía satélite
511192,Edición de otros materiales integrada con la impresión
512250,Productoras y distribuidoras discográficas
519121,Bibliotecas y archivos del sector privado
512230,Editoras de música
512130,Exhibición de películas y otros materiales audiovisuales
515120,Transmisión de programas de televisión
515210,Producción de programación de canales para sistemas de televisión por cable o satelitales
512120,Distribución de películas y de otros materiales audiovisuales
511141,Edición de directorios y de listas de correo
512290,Otros servicios de grabación del sonido
519190,Otros servicios de suministro de información
511142,Edición de directorios y de listas de correo integrada con la impresión
522460,Sociedades financieras de objeto múltiple
522110,Banca múltiple
524210,"Agentes, ajustadores y gestores de seguros y fianzas"
524110,Compañías de seguros
524120,Fondos de aseguramiento campesino
522490,Otras instituciones de intermediación crediticia y financiera no bursátil
523122,Centros cambiarios
523110,Casas de bolsa
522452,Casas de empeño
523910,Asesoría en inversiones
523990,Otros servicios relacionados con la intermediación bursátil
524220,Administración de cajas de pensión y de seguros independientes
523210,Bolsa de valores
522510,Servicios relacionados con la intermediación crediticia no bursátil
524130,Compañías afianzadoras
522320,Cajas de ahorro popular
522210,Banca de desarrollo
525210,Fondos de inversión
522451,Montepíos
522440,Compañías de autofinanciamiento
521110,Banca central
522220,Fondos y fideicomisos financieros
523121,Casas de cambio
522390,Otras instituciones de ahorro y préstamo
522310,Uniones de crédito
525110,Sociedades de inversión especializadas en fondos para el retiro
531311,Servicios de administración de bienes raíces
532122,"Alquiler de autobuses, minibuses y remolques sin chofer"
531210,Inmobiliarias y corredores de bienes raíces
531319,Otros servicios relacionados con los servicios inmobiliarios
532493,Alquiler de maquinaria y equipo comercial y de servicios
532310,Centros generales de alquiler
532110,Alquiler de automóviles sin chofer
532282,"Alquiler de mesas, sillas, vajillas y similares"
532491,"Alquiler de maquinaria y equipo agropecuario, pesquero y para la industria manufacturera"
531114,Alquiler sin intermediación de oficinas y locales comerciales
531119,Alquiler sin intermediación de otros bienes raíces
531111,Alquiler sin intermediación de viviendas amuebladas
532412,"Alquiler de equipo de transporte, excepto terrestre"
531113,Alquiler sin intermediación de salones para fiestas y convenciones
532420,Alquiler de equipo de cómputo y de otras máquinas y mobiliario de oficina
531116,Alquiler sin intermediación de edificios industriales dentro de un parque industrial
531112,Alquiler sin intermediación de viviendas no amuebladas
532411,"Alquiler de maquinaria y equipo para construcción, minería y actividades forestales"
532281,Alquiler de prendas de vestir
532289,Alquiler de otros artículos para el hogar y personales
532492,"Alquiler de maquinaria y equipo para mover, levantar y acomodar materiales"
532210,Alquiler de aparatos eléctricos y electrónicos para el hogar y personales
532121,Alquiler de camiones de carga sin chofer
531115,"Alquiler sin intermediación de teatros, estadios, auditorios y similares"
533110,"Servicios de alquiler de marcas registradas, patentes y franquicias"
541610,Servicios de consultoría en administración
541840,Agencias de representación de medios
541810,Agencias de publicidad
541510,Servicios de diseño de sistemas de cómputo y servicios relacionados
541320,Servicios de arquitectura de paisaje y urbanismo
541890,Servicios de rotulación y otros servicios de publicidad
541430,Diseño gráfico
541820,Agencias de relaciones públicas
541110,Bufetes jurídicos
541310,Servicios de arquitectura
541990,"Otros servicios profesionales, científicos y técnicos"
541330,Servicios de ingeniería
541920,Servicios de fotografía y videograbación
541380,Laboratorios de pruebas
541190,Servicios de apoyo para efectuar trámites legales
541410,Diseño y decoración de interiores
541941,Servicios veterinarios para mascotas prestados por el sector privado
541211,Servicios de contabilidad y auditoría
541850,Agencias de anuncios publicitarios
541420,Diseño industrial
541219,Otros servicios relacionados con la contabilidad
541370,Servicios de elaboración de mapas
541910,Servicios de investigación de mercados y encuestas de opinión pública
541721,"Servicios de investigación científica y desarrollo en ciencias sociales y humanidades, prestados por el sector privado"
541711,"Servicios de investigación científica y desarrollo en ciencias naturales y exactas, ingeniería, y ciencias de la vida, prestados por el sector privado"
541690,Otros servicios de consultoría científica y técnica
541860,Agencias de correo directo
541620,Servicios de consultoría en medio ambiente
541943,Servicios veterinarios para la ganadería prestados por el sector privado
541830,Agencias de compra de medios a petición del cliente
541490,Diseño de modas y otros diseños especializados
541350,Servicios de inspección de edificios
541120,Notarías públicas
541340,Servicios de dibujo
541870,Distribución de material publicitario
541942,Servicios veterinarios para mascotas prestados por el sector público
541930,Servicios de traducción e interpretación
541712,"Servicios de investigación científica y desarrollo en ciencias naturales y exactas, ingeniería, y ciencias de la vida, prestados por el sector público"
541722,"Servicios de investigación científica y desarrollo en ciencias sociales y humanidades, prestados por el sector público"
541360,Servicios de levantamiento geofísico
551112,Tenedoras de acciones
551111,Corporativos
561432,Servicios de acceso a computadoras
561422,Servicios de recepción de llamadas telefónicas y promoción por teléfono
561431,"Servicios de fotocopiado, fax y afines"
561620,Servicios de protección y custodia mediante el monitoreo de sistemas de seguridad
561920,Organizadores de convenciones y ferias comerciales e industriales
561310,Agencias de colocación
561990,Otros servicios de apoyo a los negocios
561610,"Servicios de investigación y de protección y custodia, excepto mediante monitoreo"
561450,Despachos de investigación de solvencia financiera
561510,Agencias de viajes
561110,Servicios de administración de negocios
561330,Suministro de personal permanente
561730,Servicios de instalación y mantenimiento de áreas verdes
561320,Agencias de empleo temporal
561210,Servicios combinados de apoyo en instalaciones
561720,Servicios de limpieza de inmuebles
561910,Servicios de empacado y etiquetado
561440,Agencias de cobranza
561520,Organización de excursiones y paquetes turísticos para agencias de viajes
562911,Servicios de remediación de residuos por el sector privado
561710,Servicios de control y exterminación de plagas
562921,Recuperación de residuos por el sector privado
561590,Otros servicios de reservaciones
561790,Otros servicios de limpieza
562111,Manejo de residuos peligrosos y servicios de remediación a zonas dañadas por materiales o residuos peligrosos
561490,Otros servicios de apoyo secretarial y similares
562221,Tratamiento y disposición final de residuos no peligrosos por el sector privado
562122,Recolección de residuos no peligrosos por el sector público
562998,Otros servicios de manejo de residuos por el sector privado
562121,Recolección de residuos no peligrosos por el sector privado
562999,Otros servicios de manejo de residuos por el sector público
562211,Tratamiento y disposición final de residuos peligrosos por el sector privado
561421,Servicios de casetas telefónicas
561740,"Servicios de limpieza de tapicería, alfombras y muebles"
561410,Servicios de preparación de documentos
562912,Servicios de remediación de residuos por el sector público
562212,Tratamiento y disposición final de residuos peligrosos por el sector público
562922,Recuperación de residuos por el sector público
562112,Manejo de desechos no peligrosos y servicios de remediación a zonas dañadas por desechos no peligrosos
611162,Escuelas de educación media superior del sector público
611611,Escuelas de arte del sector privado
611121,Escuelas de educación primaria del sector privado
611631,Escuelas de idiomas del sector privado
611122,Escuelas de educación primaria del sector público
611621,Escuelas de deporte del sector privado
611311,Escuelas de educación superior del sector privado
611171,Escuelas del sector privado que combinan diversos niveles de educación
611691,Servicios de profesores particulares
611111,Escuelas de educación preescolar del sector privado
611511,Escuelas del sector privado dedicadas a la enseñanza de oficios
611698,Otros servicios educativos proporcionados por el sector privado
611512,Escuelas del sector público dedicadas a la enseñanza de oficios
611612,Escuelas de arte del sector público
611312,Escuelas de educación superior del sector público
611431,Escuelas para la capacitación de ejecutivos del sector privado
611211,Escuelas de educación técnica superior del sector privado
611181,Escuelas del sector privado de educación para necesidades especiales
611710,Servicios de apoyo a la educación
611622,Escuelas de deporte del sector público
611112,Escuelas de educación preescolar del sector público
611699,Otros servicios educativos proporcionados por el sector público
611421,Escuelas de computación del sector privado
611131,Escuelas de educación secundaria general del sector privado
611161,Escuelas de educación media superior del sector privado
611132,Escuelas de educación secundaria general del sector público
611182,Escuelas del sector público de educación para necesidades especiales
611172,Escuelas del sector público que combinan diversos niveles de educación
611151,Escuelas de educación media técnica terminal del sector privado
611632,Escuelas de idiomas del sector público
611422,Escuelas de computación del sector público
611212,Escuelas de educación técnica superior del sector público
611411,Escuelas comerciales y secretariales del sector privado
611141,Escuelas de educación secundaria técnica del sector privado
611142,Escuelas de educación secundaria técnica del sector público
611152,Escuelas de educación media técnica terminal del sector público
621211,Consultorios dentales del sector privado
621320,Consultorios de optometría
621511,Laboratorios médicos y de diagnóstico del sector privado
624191,Agrupaciones de autoayuda para alcohólicos y personas con otras adicciones
621115,Clínicas de consultorios médicos del sector privado
621391,Consultorios de nutriólogos y dietistas del sector privado
621331,Consultorios de psicología del sector privado
623111,"Residencias del sector privado con cuidados de enfermeras para enfermos convalecientes, en rehabilitación, incurables y terminales"
623221,Residencias del sector privado para el cuidado de personas con problemas de trastorno mental y adicción
621421,Centros del sector privado de atención médica externa para enfermos mentales y adictos
621341,"Consultorios del sector privado de audiología y de terapia ocupacional, física y del lenguaje"
621111,Consultorios de medicina general del sector privado
621113,Consultorios de medicina especializada del sector privado
623311,Asilos y otras residencias del sector privado para el cuidado de ancianos
624211,Servicios de alimentación comunitarios prestados por el sector privado
624411,Guarderías del sector privado
621398,Otros consultorios del sector privado para el cuidado de la salud
624221,Refugios temporales comunitarios del sector privado
624112,Servicios de orientación y trabajo social para la niñez y la juventud prestados por el sector público
623312,Asilos y otras residencias del sector público para el cuidado de ancianos
624231,Servicios de emergencia comunitarios prestados por el sector privado
623991,Orfanatos y otras residencias de asistencia social del sector privado
624222,Refugios temporales comunitarios del sector público
623992,Orfanatos y otras residencias de asistencia social del sector público
622111,Hospitales generales del sector privado
624311,"Servicios de capacitación para el trabajo prestados por el sector privado para personas desempleadas, subempleadas o discapacitadas"
621311,Consultorios de quiropráctica del sector privado
621112,Consultorios de medicina general del sector público
624111,Servicios de orientación y trabajo social para la niñez y la juventud prestados por el sector privado
624121,Centros del sector privado dedicados a la atención y cuidado diurno de ancianos y discapacitados
621114,Consultorios de medicina especializada del sector público
623211,Residencias del sector privado para el cuidado de personas con problemas de retardo mental
621610,Servicios de enfermería a domicilio
624199,Otros servicios de orientación y trabajo social prestados por el sector público
624198,Otros servicios de orientación y trabajo social prestados por el sector privado
621411,Centros de planificación familiar del sector privado
622311,Hospitales del sector privado de otras especialidades médicas
624122,Centros del sector público dedicados a la atención y cuidado diurno de ancianos y discapacitados
621212,Consultorios dentales del sector público
621332,Consultorios de psicología del sector público
621491,Otros centros del sector privado para la atención de pacientes que no requieren hospitalización
624212,Servicios de alimentación comunitarios prestados por el sector público
624412,Guarderías del sector público
621992,"Servicios de bancos de órganos, bancos de sangre y otros servicios auxiliares al tratamiento médico prestados por el sector público"
624312,"Servicios de capacitación para el trabajo prestados por el sector público para personas desempleadas, subempleadas o discapacitadas"
621116,Clínicas de consultorios médicos del sector público
621342,"Consultorios del sector público de audiología y de terapia ocupacional, física y del lenguaje"
621399,Otros consultorios del sector público para el cuidado de la salud
622211,Hospitales psiquiátricos y para el tratamiento por adicción del sector privado
621910,Servicios de ambulancias
621422,Centros del sector público de atención médica externa para enfermos mentales y adictos
622112,Hospitales generales del sector público
623222,Residencias del sector público para el cuidado de personas con problemas de trastorno mental y adicción
621512,Laboratorios médicos y de diagnóstico del sector público
621492,Otros centros del sector público para la atención de pacientes que no requieren hospitalización
624232,Servicios de emergencia comunitarios prestados por el sector público
622312,Hospitales del sector público de otras especialidades médicas
621412,Centros de planificación familiar del sector público
622212,Hospitales psiquiátricos y para el tratamiento por adicción del sector público
621991,"Servicios de bancos de órganos, bancos de sangre y otros servicios auxiliares al tratamiento médico prestados por el sector privado"
623112,"Residencias del sector público con cuidados de enfermeras para enfermos convalecientes, en rehabilitación, incurables y terminales"
621392,Consultorios de nutriólogos y dietistas del sector público
711410,"Agentes y representantes de artistas, deportistas y similares"
713943,Centros de acondicionamiento físico del sector privado
713120,Casas de juegos electrónicos
712111,Museos del sector privado
713291,"Venta de billetes de lotería, pronósticos deportivos y otros boletos de sorteo"
711311,"Promotores del sector privado de espectáculos artísticos, culturales, deportivos y similares que cuentan con instalaciones para presentarlos"
711131,Cantantes y grupos musicales del sector privado
711510,"Artistas, escritores y técnicos independientes"
713998,Otros servicios recreativos prestados por el sector privado
712131,Jardines botánicos y zoológicos del sector privado
713113,Parques acuáticos y balnearios del sector privado
713944,Centros de acondicionamiento físico del sector público
713910,Campos de golf
713112,Parques de diversiones y temáticos del sector público
713299,Otros juegos de azar
713111,Parques de diversiones y temáticos del sector privado
712132,Jardines botánicos y zoológicos del sector público
711320,"Promotores de espectáculos artísticos, culturales, deportivos y similares que no cuentan con instalaciones para presentarlos"
711191,Otras compañías y grupos de espectáculos artísticos del sector privado
711111,Compañías de teatro del sector privado
713114,Parques acuáticos y balnearios del sector público
713950,Boliches
713941,Clubes deportivos del sector privado
712112,Museos del sector público
711121,Compañías de danza del sector privado
713992,Clubes o ligas de aficionados
713991,Billares
711312,"Promotores del sector público de espectáculos artísticos, culturales, deportivos y similares que cuentan con instalaciones para presentarlos"
711212,Equipos deportivos profesionales
711122,Compañías de danza del sector público
713942,Clubes deportivos del sector público
712190,"Grutas, parques naturales y otros sitios del patrimonio cultural de la nación"
713999,Otros servicios recreativos prestados por el sector público
711132,Grupos musicales del sector público
712120,Sitios históricos
711112,Compañías de teatro del sector público
711211,Deportistas profesionales
713930,Marinas turísticas
722513,Restaurantes con servicio de preparación de antojitos
722516,Restaurantes de autoservicio
722517,"Restaurantes con servicio de preparación de pizzas, hamburguesas, hot dogs y pollos rostizados para llevar"
722519,Servicios de preparación de otros alimentos para consumo inmediato
722511,Restaurantes con servicio de preparación de alimentos a la carta o de comida corrida
722514,Restaurantes con servicio de preparación de tacos y tortas
722518,Restaurantes que preparan otro tipo de alimentos para llevar
722515,"Cafeterías, fuentes de sodas, neverías, refresquerías y similares"
722512,Restaurantes con servicio de preparación de pescados y mariscos
722412,"Bares, cantinas y similares"
721111,Hoteles con otros servicios integrados
722310,Servicios de comedor para empresas e instituciones
722411,"Centros nocturnos, discotecas y similares"
721112,Hoteles sin otros servicios integrados
722330,Servicios de preparación de alimentos en unidades móviles
722320,Servicios de preparación de alimentos para ocasiones especiales
721312,Departamentos y casas amueblados con servicios de hotelería
721311,Pensiones y casas de huéspedes
721210,Campamentos y albergues recreativos
721113,Moteles
721190,"Cabañas, villas y similares"
812410,Estacionamientos y pensiones para vehículos automotores
812210,Lavanderías y tintorerías
812110,Salones y clínicas de belleza y peluquerías
811430,Reparación de calzado y otros artículos de piel y cuero
813230,Asociaciones y organizaciones civiles
811492,Reparación y mantenimiento de motocicletas
811410,Reparación y mantenimiento de aparatos eléctricos para el hogar y personales
811491,Cerrajerías
811219,Reparación y mantenimiento de otro equipo electrónico y de equipo de precisión
813210,Asociaciones y organizaciones religiosas
811499,Reparación y mantenimiento de otros artículos para el hogar y personales
811111,Reparación mecánica en general de automóviles y camiones
811211,Reparación y mantenimiento de equipo electrónico de uso doméstico
813110,"Asociaciones, organizaciones y cámaras de productores, comerciantes y prestadores de servicios"
812990,Otros servicios personales
812130,Sanitarios públicos y bolerías
811420,Reparación de tapicería de muebles para el hogar
811312,Reparación y mantenimiento de maquinaria y equipo industrial
811199,Otros servicios de reparación y mantenimiento de automóviles y camiones
811121,Hojalatería y pintura de automóviles y camiones
813130,Asociaciones y organizaciones de profesionistas
811192,Lavado y lubricado de automóviles y camiones
811191,Reparación menor de llantas
811119,Otras reparaciones mecánicas de automóviles y camiones
811493,Reparación y mantenimiento de bicicletas
811112,Reparación del sistema eléctrico de automóviles y camiones
811122,Tapicería de automóviles y camiones
812310,Servicios funerarios
811129,Instalación de cristales y otras reparaciones a la carrocería de automóviles y camiones
811115,Reparación de suspensiones de automóviles y camiones
811314,Reparación y mantenimiento de maquinaria y equipo comercial y de servicios
811116,Alineación y balanceo de automóviles y camiones
813120,Asociaciones y organizaciones laborales y sindicales
811114,Reparación de transmisiones de automóviles y camiones
812910,Servicios de revelado e impresión de fotografías
811313,"Reparación y mantenimiento de maquinaria y equipo para mover, levantar y acomodar materiales"
813140,Asociaciones regulatorias de actividades recreativas
812321,Administración de cementerios pertenecientes al sector privado
811113,Rectificación de partes de motor de automóviles y camiones
811123,Servicios de blindaje y de adaptación de automóviles y camiones
812120,Baños públicos
812322,Administración de cementerios pertenecientes al sector público
811311,Reparación y mantenimiento de maquinaria y equipo agropecuario y forestal
931210,Administración pública en general
931410,Impartición de justicia y mantenimiento de la seguridad y el orden público
931810,Actividades de seguridad nacional
931610,Actividades administrativas de instituciones de bienestar social
931510,Regulación y fomento de actividades para mejorar y preservar el medio ambiente
931310,Regulación y fomento del desarrollo económico
931710,Relaciones exteriores
932110,Organismos internacionales
931110,Órganos legislativos
